Job titles,Link
J.P. Morgan Apprenticeship for Students and Graduates in 2023,https://careerforfreshers.com/apprenticeship/j-p-morgan-apprenticeship-for-students-and-graduates-in-2023/
Wipro Technology Careers Opportunities for Graduate Entry Level Fresher role | Exp 0 – 3 yrs,https://careerforfreshers.com/jobs/wipro-technology-careers-opportunities-for-graduate-entry-level-fresher-role-exp-0-3-yrs/
TCS Walk-In Interview Drive | 24th June 2023,https://careerforfreshers.com/walk-in-jobs/tcs-walk-in-interview-drive-24th-june-2023/
Eaton Careers Opportunities for Graduate Entry Level role | 0.6 – 3 yrs,https://careerforfreshers.com/jobs/eaton-careers-opportunities-for-graduate-entry-level-role-0-6-3-yrs/
Atos Careers Opportunities for Entry Level Project Manager Graduates Fresher | Exp 0 – 0 yrs,https://careerforfreshers.com/jobs/atos-careers-opportunities-for-entry-level-project-manager-graduates-fresher-exp-0-0-yrs/
Cisco Corporate Apprenticeship for Project Management 2023,https://careerforfreshers.com/apprenticeship/cisco-corporate-apprenticeship-for-project-management-2023/
Latest Early Career Opportunities at Amdocs | Exp 0 – 3 yrs,https://careerforfreshers.com/jobs/latest-early-career-opportunities-at-amdocs-exp-0-3-yrs/
Oracle Careers Entry Level Opportunities for Graduate Fresher role | Exp 0 – 2 yrs,https://careerforfreshers.com/jobs/oracle-careers-entry-level-opportunities-for-graduate-fresher-role-exp-0-2-yrs/
Infosys Walk-In Interview | 19th June 2023,https://careerforfreshers.com/jobs/infosys-walk-in-interview-19th-june-2023/
Google Careers Opportunities for Graduate Entry Level Software Engineers 2023,https://careerforfreshers.com/jobs/google-careers-opportunities-for-graduate-entry-level-software-engineers-2023/
